path	@id	schema
/_anyOf/0/_oneOf/0/wasInfluencedBy	http://www.w3.org/ns/prov#wasInfluencedBy	https://ogcincubator.github.io/bblock-prov-schema/build/annotated/ogc-utils/prov/schema.yaml
/_anyOf/0/_oneOf/0/wasInfluencedBy/_anyOf/0/_oneOf/1/id	@id	https://ogcincubator.github.io/bblock-prov-schema/build/annotated/ogc-utils/prov-activity/schema.yaml
/_anyOf/0/_oneOf/0/wasInfluencedBy/_anyOf/0/_oneOf/1/provType	@type	https://ogcincubator.github.io/bblock-prov-schema/build/annotated/ogc-utils/prov-activity/schema.yaml
/_anyOf/0/_oneOf/0/wasInfluencedBy/_anyOf/0/_oneOf/1/prov:type		https://ogcincubator.github.io/bblock-prov-schema/build/annotated/ogc-utils/prov-activity/schema.yaml
/_anyOf/0/_oneOf/0/wasInfluencedBy/_anyOf/0/_oneOf/1/activityType	@type	https://ogcincubator.github.io/bblock-prov-schema/build/annotated/ogc-utils/prov-activity/schema.yaml
/_anyOf/0/_oneOf/0/wasInfluencedBy/_anyOf/0/_oneOf/1/endedAtTime	http://www.w3.org/ns/prov#endedAtTime	https://ogcincubator.github.io/bblock-prov-schema/build/annotated/ogc-utils/prov-activity/schema.yaml
/_anyOf/0/_oneOf/0/wasInfluencedBy/_anyOf/0/_oneOf/1/wasAssociatedWith	http://www.w3.org/ns/prov#wasAssociatedWith	https://ogcincubator.github.io/bblock-prov-schema/build/annotated/ogc-utils/prov-activity/schema.yaml
/_anyOf/0/_oneOf/0/wasInfluencedBy/_anyOf/0/_oneOf/1/wasAssociatedWith/_oneOf/1/agentType	@type	https://ogcincubator.github.io/bblock-prov-schema/build/annotated/ogc-utils/prov-agent/schema.yaml
/_anyOf/0/_oneOf/0/wasInfluencedBy/_anyOf/0/_oneOf/1/wasAssociatedWith/_oneOf/1/provType	@type	https://ogcincubator.github.io/bblock-prov-schema/build/annotated/ogc-utils/prov-agent/schema.yaml
/_anyOf/0/_oneOf/0/wasInfluencedBy/_anyOf/0/_oneOf/1/wasAssociatedWith/_oneOf/1/prov:type		https://ogcincubator.github.io/bblock-prov-schema/build/annotated/ogc-utils/prov-agent/schema.yaml
/_anyOf/0/_oneOf/0/wasInfluencedBy/_anyOf/0/_oneOf/1/wasAssociatedWith/_oneOf/1/name	http://www.w3.org/2000/01/rdf-schema#label	https://ogcincubator.github.io/bblock-prov-schema/build/annotated/ogc-utils/prov-agent/schema.yaml
/_anyOf/0/_oneOf/0/wasInfluencedBy/_anyOf/0/_oneOf/1/wasAssociatedWith/_oneOf/1/id	@id	https://ogcincubator.github.io/bblock-prov-schema/build/annotated/ogc-utils/prov-agent/schema.yaml
/_anyOf/0/_oneOf/0/wasInfluencedBy/_anyOf/0/_oneOf/1/wasAssociatedWith/_oneOf/1/actedOnBehalfOf	http://www.w3.org/ns/prov#actedOnBehalfOf	https://ogcincubator.github.io/bblock-prov-schema/build/annotated/ogc-utils/prov-agent/schema.yaml
/_anyOf/0/_oneOf/0/wasInfluencedBy/_anyOf/0/_oneOf/1/wasAssociatedWith/_oneOf/1/atLocation	http://www.w3.org/ns/prov#atLocation	https://ogcincubator.github.io/bblock-prov-schema/build/annotated/ogc-utils/prov-agent/schema.yaml
/_anyOf/0/_oneOf/0/wasInfluencedBy/_anyOf/0/_oneOf/1/wasAssociatedWith/_oneOf/1/qualifiedDelegation	http://www.w3.org/ns/prov#qualifiedDelegation	https://ogcincubator.github.io/bblock-prov-schema/build/annotated/ogc-utils/prov-agent/schema.yaml
/_anyOf/0/_oneOf/0/wasInfluencedBy/_anyOf/0/_oneOf/1/wasAssociatedWith/_oneOf/1/qualifiedDelegation/_oneOf/1/id	@id	https://ogcincubator.github.io/bblock-prov-schema/build/annotated/ogc-utils/prov-activity/schema.yaml
/_anyOf/0/_oneOf/0/wasInfluencedBy/_anyOf/0/_oneOf/1/wasAssociatedWith/_oneOf/1/qualifiedDelegation/_oneOf/1/type		https://ogcincubator.github.io/bblock-prov-schema/build/annotated/ogc-utils/prov-activity/schema.yaml
/_anyOf/0/_oneOf/0/wasInfluencedBy/_anyOf/0/_oneOf/1/wasAssociatedWith/_oneOf/1/qualifiedDelegation/_oneOf/1/agent	http://www.w3.org/ns/prov#agent	https://ogcincubator.github.io/bblock-prov-schema/build/annotated/ogc-utils/prov-activity/schema.yaml
/_anyOf/0/_oneOf/0/wasInfluencedBy/_anyOf/0/_oneOf/1/wasAssociatedWith/_oneOf/1/qualifiedDelegation/_oneOf/1/hadActivity	http://www.w3.org/ns/prov#hadActivity	https://ogcincubator.github.io/bblock-prov-schema/build/annotated/ogc-utils/prov-activity/schema.yaml
/_anyOf/0/_oneOf/0/wasInfluencedBy/_anyOf/0/_oneOf/1/wasInformedBy	http://www.w3.org/ns/prov#wasInformedBy	https://ogcincubator.github.io/bblock-prov-schema/build/annotated/ogc-utils/prov-activity/schema.yaml
/_anyOf/0/_oneOf/0/wasInfluencedBy/_anyOf/0/_oneOf/1/used	http://www.w3.org/ns/prov#used	https://ogcincubator.github.io/bblock-prov-schema/build/annotated/ogc-utils/prov-activity/schema.yaml
/_anyOf/0/_oneOf/0/wasInfluencedBy/_anyOf/0/_oneOf/1/wasStartedBy	http://www.w3.org/ns/prov#wasStartedBy	https://ogcincubator.github.io/bblock-prov-schema/build/annotated/ogc-utils/prov-activity/schema.yaml
/_anyOf/0/_oneOf/0/wasInfluencedBy/_anyOf/0/_oneOf/1/wasEndedBy	http://www.w3.org/ns/prov#wasEndedBy	https://ogcincubator.github.io/bblock-prov-schema/build/annotated/ogc-utils/prov-activity/schema.yaml
/_anyOf/0/_oneOf/0/wasInfluencedBy/_anyOf/0/_oneOf/1/invalidated	http://www.w3.org/ns/prov#invalidated	https://ogcincubator.github.io/bblock-prov-schema/build/annotated/ogc-utils/prov-activity/schema.yaml
/_anyOf/0/_oneOf/0/wasInfluencedBy/_anyOf/0/_oneOf/1/generated	http://www.w3.org/ns/prov#generated	https://ogcincubator.github.io/bblock-prov-schema/build/annotated/ogc-utils/prov-activity/schema.yaml
/_anyOf/0/_oneOf/0/wasInfluencedBy/_anyOf/0/_oneOf/1/atLocation	http://www.w3.org/ns/prov#atLocation	https://ogcincubator.github.io/bblock-prov-schema/build/annotated/ogc-utils/prov-activity/schema.yaml
/_anyOf/0/_oneOf/0/wasInfluencedBy/_anyOf/0/_oneOf/1/qualifiedUsage	http://www.w3.org/ns/prov#qualifiedUsage	https://ogcincubator.github.io/bblock-prov-schema/build/annotated/ogc-utils/prov-activity/schema.yaml
/_anyOf/0/_oneOf/0/wasInfluencedBy/_anyOf/0/_oneOf/1/qualifiedUsage/_oneOf/1/id	@id	https://ogcincubator.github.io/bblock-prov-schema/build/annotated/ogc-utils/prov-activity/schema.yaml
/_anyOf/0/_oneOf/0/wasInfluencedBy/_anyOf/0/_oneOf/1/qualifiedUsage/_oneOf/1/type		https://ogcincubator.github.io/bblock-prov-schema/build/annotated/ogc-utils/prov-activity/schema.yaml
/_anyOf/0/_oneOf/0/wasInfluencedBy/_anyOf/0/_oneOf/1/qualifiedUsage/_oneOf/1/atTime	http://www.w3.org/ns/prov#atTime	https://ogcincubator.github.io/bblock-prov-schema/build/annotated/ogc-utils/prov-activity/schema.yaml
/_anyOf/0/_oneOf/0/wasInfluencedBy/_anyOf/0/_oneOf/1/qualifiedUsage/_oneOf/1/entity	http://www.w3.org/ns/prov#entity	https://ogcincubator.github.io/bblock-prov-schema/build/annotated/ogc-utils/prov-activity/schema.yaml
/_anyOf/0/_oneOf/0/wasInfluencedBy/_anyOf/0/_oneOf/1/qualifiedCommunication	http://www.w3.org/ns/prov#qualifiedCommunication	https://ogcincubator.github.io/bblock-prov-schema/build/annotated/ogc-utils/prov-activity/schema.yaml
/_anyOf/0/_oneOf/0/wasInfluencedBy/_anyOf/0/_oneOf/1/qualifiedCommunication/_oneOf/1/id	@id	https://ogcincubator.github.io/bblock-prov-schema/build/annotated/ogc-utils/prov-activity/schema.yaml
/_anyOf/0/_oneOf/0/wasInfluencedBy/_anyOf/0/_oneOf/1/qualifiedCommunication/_oneOf/1/atTime	http://www.w3.org/ns/prov#atTime	https://ogcincubator.github.io/bblock-prov-schema/build/annotated/ogc-utils/prov-activity/schema.yaml
/_anyOf/0/_oneOf/0/wasInfluencedBy/_anyOf/0/_oneOf/1/qualifiedCommunication/_oneOf/1/hadRole	http://www.w3.org/ns/prov#hadRole	https://ogcincubator.github.io/bblock-prov-schema/build/annotated/ogc-utils/prov-activity/schema.yaml
/_anyOf/0/_oneOf/0/wasInfluencedBy/_anyOf/0/_oneOf/1/qualifiedCommunication/_oneOf/1/influencer	http://www.w3.org/ns/prov#influencer	https://ogcincubator.github.io/bblock-prov-schema/build/annotated/ogc-utils/prov-activity/schema.yaml
/_anyOf/0/_oneOf/0/wasInfluencedBy/_anyOf/0/_oneOf/1/qualifiedCommunication/_oneOf/1/hadActivity	http://www.w3.org/ns/prov#hadActivity	https://ogcincubator.github.io/bblock-prov-schema/build/annotated/ogc-utils/prov-activity/schema.yaml
/_anyOf/0/_oneOf/0/wasInfluencedBy/_anyOf/0/_oneOf/1/qualifiedCommunication/_oneOf/1/activity	http://www.w3.org/ns/prov#activity	https://ogcincubator.github.io/bblock-prov-schema/build/annotated/ogc-utils/prov-activity/schema.yaml
/_anyOf/0/_oneOf/0/wasInfluencedBy/_anyOf/0/_oneOf/1/qualifiedCommunication/_oneOf/1/type		https://ogcincubator.github.io/bblock-prov-schema/build/annotated/ogc-utils/prov-activity/schema.yaml
/_anyOf/0/_oneOf/0/wasInfluencedBy/_anyOf/0/_oneOf/1/qualifiedCommunication/_oneOf/2/_oneOf/1/type		https://ogcincubator.github.io/bblock-prov-schema/build/annotated/ogc-utils/prov-activity/schema.yaml
/_anyOf/0/_oneOf/0/wasInfluencedBy/_anyOf/0/_oneOf/1/qualifiedStart	http://www.w3.org/ns/prov#qualifiedStart	https://ogcincubator.github.io/bblock-prov-schema/build/annotated/ogc-utils/prov-activity/schema.yaml
/_anyOf/0/_oneOf/0/wasInfluencedBy/_anyOf/0/_oneOf/1/qualifiedStart/_oneOf/1/id	@id	https://ogcincubator.github.io/bblock-prov-schema/build/annotated/ogc-utils/prov-activity/schema.yaml
/_anyOf/0/_oneOf/0/wasInfluencedBy/_anyOf/0/_oneOf/1/qualifiedStart/_oneOf/1/type		https://ogcincubator.github.io/bblock-prov-schema/build/annotated/ogc-utils/prov-activity/schema.yaml
/_anyOf/0/_oneOf/0/wasInfluencedBy/_anyOf/0/_oneOf/1/qualifiedStart/_oneOf/1/atTime	http://www.w3.org/ns/prov#atTime	https://ogcincubator.github.io/bblock-prov-schema/build/annotated/ogc-utils/prov-activity/schema.yaml
/_anyOf/0/_oneOf/0/wasInfluencedBy/_anyOf/0/_oneOf/1/qualifiedStart/_oneOf/1/entity	http://www.w3.org/ns/prov#entity	https://ogcincubator.github.io/bblock-prov-schema/build/annotated/ogc-utils/prov-activity/schema.yaml
/_anyOf/0/_oneOf/0/wasInfluencedBy/_anyOf/0/_oneOf/1/qualifiedStart/_oneOf/1/hadActivity	http://www.w3.org/ns/prov#hadActivity	https://ogcincubator.github.io/bblock-prov-schema/build/annotated/ogc-utils/prov-activity/schema.yaml
/_anyOf/0/_oneOf/0/wasInfluencedBy/_anyOf/0/_oneOf/1/qualifiedEnd	http://www.w3.org/ns/prov#qualifiedEnd	https://ogcincubator.github.io/bblock-prov-schema/build/annotated/ogc-utils/prov-activity/schema.yaml
/_anyOf/0/_oneOf/0/wasInfluencedBy/_anyOf/0/_oneOf/1/qualifiedEnd/_oneOf/1/type		https://ogcincubator.github.io/bblock-prov-schema/build/annotated/ogc-utils/prov-activity/schema.yaml
/_anyOf/0/_oneOf/0/wasInfluencedBy/_anyOf/0/_oneOf/1/qualifiedAssociation	http://www.w3.org/ns/prov#qualifiedAssociation	https://ogcincubator.github.io/bblock-prov-schema/build/annotated/ogc-utils/prov-activity/schema.yaml
/_anyOf/0/_oneOf/0/wasInfluencedBy/_anyOf/0/_oneOf/1/qualifiedAssociation/_oneOf/1/id	@id	https://ogcincubator.github.io/bblock-prov-schema/build/annotated/ogc-utils/prov-agent/schema.yaml
/_anyOf/0/_oneOf/0/wasInfluencedBy/_anyOf/0/_oneOf/1/qualifiedAssociation/_oneOf/1/type		https://ogcincubator.github.io/bblock-prov-schema/build/annotated/ogc-utils/prov-agent/schema.yaml
/_anyOf/0/_oneOf/0/wasInfluencedBy/_anyOf/0/_oneOf/1/qualifiedAssociation/_oneOf/1/agent	http://www.w3.org/ns/prov#agent	https://ogcincubator.github.io/bblock-prov-schema/build/annotated/ogc-utils/prov-agent/schema.yaml
/_anyOf/0/_oneOf/0/wasInfluencedBy/_anyOf/0/_oneOf/1/qualifiedAssociation/_oneOf/1/hadRole	http://www.w3.org/ns/prov#hadRole	https://ogcincubator.github.io/bblock-prov-schema/build/annotated/ogc-utils/prov-agent/schema.yaml
/_anyOf/0/_oneOf/0/wasInfluencedBy/_anyOf/0/_oneOf/1/qualifiedAssociation/_oneOf/1/hadPlan	http://www.w3.org/ns/prov#hadPlan	https://ogcincubator.github.io/bblock-prov-schema/build/annotated/ogc-utils/prov-agent/schema.yaml
/_anyOf/0/_oneOf/0/qualifiedInfluence	http://www.w3.org/ns/prov#qualifiedInfluence	https://ogcincubator.github.io/bblock-prov-schema/build/annotated/ogc-utils/prov/schema.yaml
/_anyOf/0/_oneOf/0/qualifiedInfluence/_oneOf/1/id	@id	https://ogcincubator.github.io/bblock-prov-schema/build/annotated/ogc-utils/prov/schema.yaml
/_anyOf/0/_oneOf/0/qualifiedInfluence/_oneOf/1/influencer	http://www.w3.org/ns/prov#influencer	https://ogcincubator.github.io/bblock-prov-schema/build/annotated/ogc-utils/prov/schema.yaml
/_anyOf/0/_oneOf/0/qualifiedInfluence/_oneOf/1/entity	http://www.w3.org/ns/prov#entity	https://ogcincubator.github.io/bblock-prov-schema/build/annotated/ogc-utils/prov/schema.yaml
/_anyOf/0/_oneOf/0/qualifiedInfluence/_oneOf/1/activity	http://www.w3.org/ns/prov#activity	https://ogcincubator.github.io/bblock-prov-schema/build/annotated/ogc-utils/prov/schema.yaml
/_anyOf/0/_oneOf/0/qualifiedInfluence/_oneOf/1/agent	http://www.w3.org/ns/prov#agent	https://ogcincubator.github.io/bblock-prov-schema/build/annotated/ogc-utils/prov/schema.yaml
/_anyOf/0/_oneOf/0/_anyOf/0/type		https://ogcincubator.github.io/bblock-prov-schema/build/annotated/ogc-utils/prov-entity/schema.yaml
/_anyOf/0/_oneOf/0/_anyOf/0/hadMember	http://www.w3.org/ns/prov#hadMember	https://ogcincubator.github.io/bblock-prov-schema/build/annotated/ogc-utils/prov-entity/schema.yaml
/_anyOf/0/_oneOf/0/_anyOf/1/type		https://ogcincubator.github.io/bblock-prov-schema/build/annotated/ogc-utils/prov-entity/schema.yaml
/_anyOf/0/_oneOf/0/_anyOf/1/hadMember	http://www.w3.org/ns/prov#hadMember	https://ogcincubator.github.io/bblock-prov-schema/build/annotated/ogc-utils/prov-entity/schema.yaml
/_anyOf/0/_oneOf/0/id	@id	https://ogcincubator.github.io/bblock-prov-schema/build/annotated/ogc-utils/prov-entity/schema.yaml
/_anyOf/0/_oneOf/0/provType	@type	https://ogcincubator.github.io/bblock-prov-schema/build/annotated/ogc-utils/prov-entity/schema.yaml
/_anyOf/0/_oneOf/0/prov:type		https://ogcincubator.github.io/bblock-prov-schema/build/annotated/ogc-utils/prov-entity/schema.yaml
/_anyOf/0/_oneOf/0/featureType	@type	https://ogcincubator.github.io/bblock-prov-schema/build/annotated/ogc-utils/prov-entity/schema.yaml
/_anyOf/0/_oneOf/0/entityType	@type	https://ogcincubator.github.io/bblock-prov-schema/build/annotated/ogc-utils/prov-entity/schema.yaml
/_anyOf/0/_oneOf/0/has_provenance	http://purl.org/dc/terms/provenance	https://ogcincubator.github.io/bblock-prov-schema/build/annotated/ogc-utils/prov-entity/schema.yaml
/_anyOf/0/_oneOf/0/wasGeneratedBy	http://www.w3.org/ns/prov#wasGeneratedBy	https://ogcincubator.github.io/bblock-prov-schema/build/annotated/ogc-utils/prov-entity/schema.yaml
/_anyOf/0/_oneOf/0/wasAttributedTo	http://www.w3.org/ns/prov#wasAttributedTo	https://ogcincubator.github.io/bblock-prov-schema/build/annotated/ogc-utils/prov-entity/schema.yaml
/_anyOf/0/_oneOf/0/wasDerivedFrom	http://www.w3.org/ns/prov#wasDerivedFrom	https://ogcincubator.github.io/bblock-prov-schema/build/annotated/ogc-utils/prov-entity/schema.yaml
/_anyOf/0/_oneOf/0/alternateOf	http://www.w3.org/ns/prov#alternateOf	https://ogcincubator.github.io/bblock-prov-schema/build/annotated/ogc-utils/prov-entity/schema.yaml
/_anyOf/0/_oneOf/0/hadPrimarySource	http://www.w3.org/ns/prov#hadPrimarySource	https://ogcincubator.github.io/bblock-prov-schema/build/annotated/ogc-utils/prov-entity/schema.yaml
/_anyOf/0/_oneOf/0/specializationOf	http://www.w3.org/ns/prov#specializationOf	https://ogcincubator.github.io/bblock-prov-schema/build/annotated/ogc-utils/prov-entity/schema.yaml
/_anyOf/0/_oneOf/0/wasInvalidatedBy	http://www.w3.org/ns/prov#wasInvalidatedBy	https://ogcincubator.github.io/bblock-prov-schema/build/annotated/ogc-utils/prov-entity/schema.yaml
/_anyOf/0/_oneOf/0/wasQuotedFrom	http://www.w3.org/ns/prov#wasQuotedFrom	https://ogcincubator.github.io/bblock-prov-schema/build/annotated/ogc-utils/prov-entity/schema.yaml
/_anyOf/0/_oneOf/0/wasRevisionOf	http://www.w3.org/ns/prov#wasRevisionOf	https://ogcincubator.github.io/bblock-prov-schema/build/annotated/ogc-utils/prov-entity/schema.yaml
/_anyOf/0/_oneOf/0/atLocation	http://www.w3.org/ns/prov#atLocation	https://ogcincubator.github.io/bblock-prov-schema/build/annotated/ogc-utils/prov-entity/schema.yaml
/_anyOf/0/_oneOf/0/links	http://www.w3.org/2000/01/rdf-schema#seeAlso	https://ogcincubator.github.io/bblock-prov-schema/build/annotated/ogc-utils/prov-entity/schema.yaml
/_anyOf/0/_oneOf/0/links/href	http://www.w3.org/ns/oa#hasTarget	https://opengeospatial.github.io/bblocks/annotated-schemas/ogc-utils/json-link/schema.yaml
/_anyOf/0/_oneOf/0/links/rel	http://www.iana.org/assignments/relation	https://opengeospatial.github.io/bblocks/annotated-schemas/ogc-utils/json-link/schema.yaml
/_anyOf/0/_oneOf/0/links/anchor		https://opengeospatial.github.io/bblocks/annotated-schemas/ogc-utils/json-link/schema.yaml
/_anyOf/0/_oneOf/0/links/type	http://purl.org/dc/terms/type	https://opengeospatial.github.io/bblocks/annotated-schemas/ogc-utils/json-link/schema.yaml
/_anyOf/0/_oneOf/0/links/hreflang	http://purl.org/dc/terms/language	https://opengeospatial.github.io/bblocks/annotated-schemas/ogc-utils/json-link/schema.yaml
/_anyOf/0/_oneOf/0/links/title	http://www.w3.org/2000/01/rdf-schema#label	https://opengeospatial.github.io/bblocks/annotated-schemas/ogc-utils/json-link/schema.yaml
/_anyOf/0/_oneOf/0/links/length	http://purl.org/dc/terms/extent	https://opengeospatial.github.io/bblocks/annotated-schemas/ogc-utils/json-link/schema.yaml
/_anyOf/0/_oneOf/0/qualifiedGeneration	http://www.w3.org/ns/prov#qualifiedGeneration	https://ogcincubator.github.io/bblock-prov-schema/build/annotated/ogc-utils/prov-entity/schema.yaml
/_anyOf/0/_oneOf/0/qualifiedGeneration/_oneOf/1/type		https://ogcincubator.github.io/bblock-prov-schema/build/annotated/ogc-utils/prov-activity/schema.yaml
/_anyOf/0/_oneOf/0/qualifiedInvalidation	http://www.w3.org/ns/prov#qualifiedInvalidation	https://ogcincubator.github.io/bblock-prov-schema/build/annotated/ogc-utils/prov-entity/schema.yaml
/_anyOf/0/_oneOf/0/qualifiedInvalidation/_oneOf/1/type		https://ogcincubator.github.io/bblock-prov-schema/build/annotated/ogc-utils/prov-activity/schema.yaml
/_anyOf/0/_oneOf/0/qualifiedDerivation	http://www.w3.org/ns/prov#qualifiedDerivation	https://ogcincubator.github.io/bblock-prov-schema/build/annotated/ogc-utils/prov-entity/schema.yaml
/_anyOf/0/_oneOf/0/qualifiedDerivation/_oneOf/1/id	@id	https://ogcincubator.github.io/bblock-prov-schema/build/annotated/ogc-utils/prov-activity/schema.yaml
/_anyOf/0/_oneOf/0/qualifiedDerivation/_oneOf/1/type		https://ogcincubator.github.io/bblock-prov-schema/build/annotated/ogc-utils/prov-activity/schema.yaml
/_anyOf/0/_oneOf/0/qualifiedDerivation/_oneOf/1/hadGeneration	http://www.w3.org/ns/prov#hadGeneration	https://ogcincubator.github.io/bblock-prov-schema/build/annotated/ogc-utils/prov-activity/schema.yaml
/_anyOf/0/_oneOf/0/qualifiedDerivation/_oneOf/1/hadActivity	http://www.w3.org/ns/prov#hadActivity	https://ogcincubator.github.io/bblock-prov-schema/build/annotated/ogc-utils/prov-activity/schema.yaml
/_anyOf/0/_oneOf/0/qualifiedDerivation/_oneOf/1/hadUsage	http://www.w3.org/ns/prov#hadUsage	https://ogcincubator.github.io/bblock-prov-schema/build/annotated/ogc-utils/prov-activity/schema.yaml
/_anyOf/0/_oneOf/0/qualifiedDerivation/_oneOf/1/entity	http://www.w3.org/ns/prov#entity	https://ogcincubator.github.io/bblock-prov-schema/build/annotated/ogc-utils/prov-activity/schema.yaml
/_anyOf/0/_oneOf/0/qualifiedAttribution	http://www.w3.org/ns/prov#qualifiedAttribution	https://ogcincubator.github.io/bblock-prov-schema/build/annotated/ogc-utils/prov-entity/schema.yaml
/_anyOf/0/_oneOf/0/qualifiedAttribution/_oneOf/1/id	@id	https://ogcincubator.github.io/bblock-prov-schema/build/annotated/ogc-utils/prov-activity/schema.yaml
/_anyOf/0/_oneOf/0/qualifiedAttribution/_oneOf/1/type		https://ogcincubator.github.io/bblock-prov-schema/build/annotated/ogc-utils/prov-activity/schema.yaml
/_anyOf/0/_oneOf/0/qualifiedAttribution/_oneOf/1/agent	http://www.w3.org/ns/prov#agent	https://ogcincubator.github.io/bblock-prov-schema/build/annotated/ogc-utils/prov-activity/schema.yaml
/_oneOf/0/type	@type	https://opengeospatial.github.io/bblocks/annotated-schemas/geo/json-fg/feature-lenient/schema.yaml
/_oneOf/0/id	@id	https://opengeospatial.github.io/bblocks/annotated-schemas/geo/json-fg/feature-lenient/schema.yaml
/_oneOf/0/properties	@nest	https://opengeospatial.github.io/ogcapi-sosa/build/annotated/sosa/features/observation/schema.yaml
/_oneOf/0/geometry	https://purl.org/geojson/vocab#geometry	https://opengeospatial.github.io/bblocks/annotated-schemas/geo/json-fg/feature-lenient/schema.yaml
/_oneOf/0/geometry/_oneOf/1/type	@type	https://opengeospatial.github.io/bblocks/annotated-schemas/geo/common/data_types/geojson/schema.yaml
/_oneOf/0/geometry/_oneOf/1/coordinates	https://purl.org/geojson/vocab#coordinates	https://opengeospatial.github.io/bblocks/annotated-schemas/geo/common/data_types/geojson/schema.yaml
/_oneOf/0/geometry/_oneOf/1/bbox	https://purl.org/geojson/vocab#bbox	https://opengeospatial.github.io/bblocks/annotated-schemas/geo/common/data_types/geojson/schema.yaml
/_oneOf/0/geometry/_oneOf/2/type	@type	https://opengeospatial.github.io/bblocks/annotated-schemas/geo/common/data_types/geojson/schema.yaml
/_oneOf/0/geometry/_oneOf/2/coordinates	https://purl.org/geojson/vocab#coordinates	https://opengeospatial.github.io/bblocks/annotated-schemas/geo/common/data_types/geojson/schema.yaml
/_oneOf/0/geometry/_oneOf/2/bbox	https://purl.org/geojson/vocab#bbox	https://opengeospatial.github.io/bblocks/annotated-schemas/geo/common/data_types/geojson/schema.yaml
/_oneOf/0/geometry/_oneOf/3/type	@type	https://opengeospatial.github.io/bblocks/annotated-schemas/geo/common/data_types/geojson/schema.yaml
/_oneOf/0/geometry/_oneOf/3/coordinates	https://purl.org/geojson/vocab#coordinates	https://opengeospatial.github.io/bblocks/annotated-schemas/geo/common/data_types/geojson/schema.yaml
/_oneOf/0/geometry/_oneOf/3/bbox	https://purl.org/geojson/vocab#bbox	https://opengeospatial.github.io/bblocks/annotated-schemas/geo/common/data_types/geojson/schema.yaml
/_oneOf/0/geometry/_oneOf/4/type	@type	https://opengeospatial.github.io/bblocks/annotated-schemas/geo/common/data_types/geojson/schema.yaml
/_oneOf/0/geometry/_oneOf/4/coordinates	https://purl.org/geojson/vocab#coordinates	https://opengeospatial.github.io/bblocks/annotated-schemas/geo/common/data_types/geojson/schema.yaml
/_oneOf/0/geometry/_oneOf/4/bbox	https://purl.org/geojson/vocab#bbox	https://opengeospatial.github.io/bblocks/annotated-schemas/geo/common/data_types/geojson/schema.yaml
/_oneOf/0/geometry/_oneOf/5/type	@type	https://opengeospatial.github.io/bblocks/annotated-schemas/geo/common/data_types/geojson/schema.yaml
/_oneOf/0/geometry/_oneOf/5/coordinates	https://purl.org/geojson/vocab#coordinates	https://opengeospatial.github.io/bblocks/annotated-schemas/geo/common/data_types/geojson/schema.yaml
/_oneOf/0/geometry/_oneOf/5/bbox	https://purl.org/geojson/vocab#bbox	https://opengeospatial.github.io/bblocks/annotated-schemas/geo/common/data_types/geojson/schema.yaml
/_oneOf/0/geometry/_oneOf/6/type	@type	https://opengeospatial.github.io/bblocks/annotated-schemas/geo/common/data_types/geojson/schema.yaml
/_oneOf/0/geometry/_oneOf/6/coordinates	https://purl.org/geojson/vocab#coordinates	https://opengeospatial.github.io/bblocks/annotated-schemas/geo/common/data_types/geojson/schema.yaml
/_oneOf/0/geometry/_oneOf/6/bbox	https://purl.org/geojson/vocab#bbox	https://opengeospatial.github.io/bblocks/annotated-schemas/geo/common/data_types/geojson/schema.yaml
/_oneOf/0/geometry/_oneOf/7/type	@type	https://opengeospatial.github.io/bblocks/annotated-schemas/geo/common/data_types/geojson/schema.yaml
/_oneOf/0/geometry/_oneOf/7/geometries		https://opengeospatial.github.io/bblocks/annotated-schemas/geo/common/data_types/geojson/schema.yaml
/_oneOf/0/geometry/_oneOf/7/geometries/_oneOf/0/type	@type	https://opengeospatial.github.io/bblocks/annotated-schemas/geo/common/data_types/geojson/schema.yaml
/_oneOf/0/geometry/_oneOf/7/geometries/_oneOf/0/coordinates	https://purl.org/geojson/vocab#coordinates	https://opengeospatial.github.io/bblocks/annotated-schemas/geo/common/data_types/geojson/schema.yaml
/_oneOf/0/geometry/_oneOf/7/geometries/_oneOf/0/bbox	https://purl.org/geojson/vocab#bbox	https://opengeospatial.github.io/bblocks/annotated-schemas/geo/common/data_types/geojson/schema.yaml
/_oneOf/0/geometry/_oneOf/7/geometries/_oneOf/1/type	@type	https://opengeospatial.github.io/bblocks/annotated-schemas/geo/common/data_types/geojson/schema.yaml
/_oneOf/0/geometry/_oneOf/7/geometries/_oneOf/1/coordinates	https://purl.org/geojson/vocab#coordinates	https://opengeospatial.github.io/bblocks/annotated-schemas/geo/common/data_types/geojson/schema.yaml
/_oneOf/0/geometry/_oneOf/7/geometries/_oneOf/1/bbox	https://purl.org/geojson/vocab#bbox	https://opengeospatial.github.io/bblocks/annotated-schemas/geo/common/data_types/geojson/schema.yaml
/_oneOf/0/geometry/_oneOf/7/geometries/_oneOf/2/type	@type	https://opengeospatial.github.io/bblocks/annotated-schemas/geo/common/data_types/geojson/schema.yaml
/_oneOf/0/geometry/_oneOf/7/geometries/_oneOf/2/coordinates	https://purl.org/geojson/vocab#coordinates	https://opengeospatial.github.io/bblocks/annotated-schemas/geo/common/data_types/geojson/schema.yaml
/_oneOf/0/geometry/_oneOf/7/geometries/_oneOf/2/bbox	https://purl.org/geojson/vocab#bbox	https://opengeospatial.github.io/bblocks/annotated-schemas/geo/common/data_types/geojson/schema.yaml
/_oneOf/0/geometry/_oneOf/7/geometries/_oneOf/3/type	@type	https://opengeospatial.github.io/bblocks/annotated-schemas/geo/common/data_types/geojson/schema.yaml
/_oneOf/0/geometry/_oneOf/7/geometries/_oneOf/3/coordinates	https://purl.org/geojson/vocab#coordinates	https://opengeospatial.github.io/bblocks/annotated-schemas/geo/common/data_types/geojson/schema.yaml
/_oneOf/0/geometry/_oneOf/7/geometries/_oneOf/3/bbox	https://purl.org/geojson/vocab#bbox	https://opengeospatial.github.io/bblocks/annotated-schemas/geo/common/data_types/geojson/schema.yaml
/_oneOf/0/geometry/_oneOf/7/geometries/_oneOf/4/type	@type	https://opengeospatial.github.io/bblocks/annotated-schemas/geo/common/data_types/geojson/schema.yaml
/_oneOf/0/geometry/_oneOf/7/geometries/_oneOf/4/coordinates	https://purl.org/geojson/vocab#coordinates	https://opengeospatial.github.io/bblocks/annotated-schemas/geo/common/data_types/geojson/schema.yaml
/_oneOf/0/geometry/_oneOf/7/geometries/_oneOf/4/bbox	https://purl.org/geojson/vocab#bbox	https://opengeospatial.github.io/bblocks/annotated-schemas/geo/common/data_types/geojson/schema.yaml
/_oneOf/0/geometry/_oneOf/7/geometries/_oneOf/5/type	@type	https://opengeospatial.github.io/bblocks/annotated-schemas/geo/common/data_types/geojson/schema.yaml
/_oneOf/0/geometry/_oneOf/7/geometries/_oneOf/5/coordinates	https://purl.org/geojson/vocab#coordinates	https://opengeospatial.github.io/bblocks/annotated-schemas/geo/common/data_types/geojson/schema.yaml
/_oneOf/0/geometry/_oneOf/7/geometries/_oneOf/5/bbox	https://purl.org/geojson/vocab#bbox	https://opengeospatial.github.io/bblocks/annotated-schemas/geo/common/data_types/geojson/schema.yaml
/_oneOf/0/geometry/_oneOf/7/bbox	https://purl.org/geojson/vocab#bbox	https://opengeospatial.github.io/bblocks/annotated-schemas/geo/common/data_types/geojson/schema.yaml
/_oneOf/0/bbox	https://purl.org/geojson/vocab#bbox	https://opengeospatial.github.io/bblocks/annotated-schemas/geo/common/data_types/geojson/schema.yaml
/_oneOf/0/links	http://www.w3.org/2000/01/rdf-schema#seeAlso	https://opengeospatial.github.io/bblocks/annotated-schemas/geo/json-fg/feature-lenient/schema.yaml
/_oneOf/0/featureType	@type	https://opengeospatial.github.io/bblocks/annotated-schemas/geo/json-fg/feature-lenient/schema.yaml
/_oneOf/0/links/href		https://beta.schemas.opengis.net/json-fg/link.json
/_oneOf/0/links/rel		https://beta.schemas.opengis.net/json-fg/link.json
/_oneOf/0/links/anchor		https://beta.schemas.opengis.net/json-fg/link.json
/_oneOf/0/links/type		https://beta.schemas.opengis.net/json-fg/link.json
/_oneOf/0/links/hreflang		https://beta.schemas.opengis.net/json-fg/link.json
/_oneOf/0/links/title		https://beta.schemas.opengis.net/json-fg/link.json
/_oneOf/0/links/length		https://beta.schemas.opengis.net/json-fg/link.json
/_oneOf/0/time	http://purl.org/dc/terms/time	https://opengeospatial.github.io/bblocks/annotated-schemas/geo/json-fg/feature-lenient/schema.yaml
/_oneOf/0/time/_oneOf/1/date	http://www.w3.org/2006/time#hasTime	https://opengeospatial.github.io/bblocks/annotated-schemas/geo/json-fg/time/schema.yaml
/_oneOf/0/time/_oneOf/1/timestamp	http://www.w3.org/2006/time#hasTime	https://opengeospatial.github.io/bblocks/annotated-schemas/geo/json-fg/time/schema.yaml
/_oneOf/0/time/_oneOf/1/interval	http://www.w3.org/2006/time#hasTime	https://opengeospatial.github.io/bblocks/annotated-schemas/geo/json-fg/time/schema.yaml
/_oneOf/0/coordRefSys	http://www.opengis.net/def/glossary/term/CoordinateReferenceSystemCRS	https://opengeospatial.github.io/bblocks/annotated-schemas/geo/json-fg/feature-lenient/schema.yaml
/_oneOf/0/coordRefSys/_oneOf/0/_oneOf/1/type		https://beta.schemas.opengis.net/json-fg/coordrefsys.json
/_oneOf/0/coordRefSys/_oneOf/0/_oneOf/1/href		https://beta.schemas.opengis.net/json-fg/coordrefsys.json
/_oneOf/0/coordRefSys/_oneOf/0/_oneOf/1/epoch		https://beta.schemas.opengis.net/json-fg/coordrefsys.json
/_oneOf/0/coordRefSys/_oneOf/0/_oneOf/2/type		https://beta.schemas.opengis.net/json-fg/coordrefsys.json
/_oneOf/0/place	http://purl.org/dc/terms/spatial	https://opengeospatial.github.io/bblocks/annotated-schemas/geo/json-fg/feature-lenient/schema.yaml
/_oneOf/0/place/_oneOf/1/type		https://beta.schemas.opengis.net/json-fg/geometry-object.json
/_oneOf/0/place/_oneOf/1/coordRefSys		https://beta.schemas.opengis.net/json-fg/geometry-object.json
/_oneOf/0/place/_oneOf/1/measures		https://beta.schemas.opengis.net/json-fg/geometry-object.json
/_oneOf/0/place/_oneOf/1/measures/enabled		https://beta.schemas.opengis.net/json-fg/measures.json
/_oneOf/0/place/_oneOf/1/measures/unit		https://beta.schemas.opengis.net/json-fg/measures.json
/_oneOf/0/place/_oneOf/1/measures/description		https://beta.schemas.opengis.net/json-fg/measures.json
/_oneOf/0/place/_oneOf/1/coordinates		https://beta.schemas.opengis.net/json-fg/geometry-object.json
/_oneOf/0/place/_oneOf/1/bbox		https://beta.schemas.opengis.net/json-fg/geometry-object.json
/_oneOf/0/place/_oneOf/2/type		https://beta.schemas.opengis.net/json-fg/geometry-object.json
/_oneOf/0/place/_oneOf/2/coordRefSys		https://beta.schemas.opengis.net/json-fg/geometry-object.json
/_oneOf/0/place/_oneOf/2/measures		https://beta.schemas.opengis.net/json-fg/geometry-object.json
/_oneOf/0/place/_oneOf/2/coordinates		https://beta.schemas.opengis.net/json-fg/geometry-object.json
/_oneOf/0/place/_oneOf/2/bbox		https://beta.schemas.opengis.net/json-fg/geometry-object.json
/_oneOf/0/place/_oneOf/3/type		https://beta.schemas.opengis.net/json-fg/geometry-object.json
/_oneOf/0/place/_oneOf/3/coordRefSys		https://beta.schemas.opengis.net/json-fg/geometry-object.json
/_oneOf/0/place/_oneOf/3/measures		https://beta.schemas.opengis.net/json-fg/geometry-object.json
/_oneOf/0/place/_oneOf/3/coordinates		https://beta.schemas.opengis.net/json-fg/geometry-object.json
/_oneOf/0/place/_oneOf/3/bbox		https://beta.schemas.opengis.net/json-fg/geometry-object.json
/_oneOf/0/place/_oneOf/4/type		https://beta.schemas.opengis.net/json-fg/geometry-object.json
/_oneOf/0/place/_oneOf/4/coordRefSys		https://beta.schemas.opengis.net/json-fg/geometry-object.json
/_oneOf/0/place/_oneOf/4/measures		https://beta.schemas.opengis.net/json-fg/geometry-object.json
/_oneOf/0/place/_oneOf/4/coordinates		https://beta.schemas.opengis.net/json-fg/geometry-object.json
/_oneOf/0/place/_oneOf/4/bbox		https://beta.schemas.opengis.net/json-fg/geometry-object.json
/_oneOf/0/place/_oneOf/5/type		https://beta.schemas.opengis.net/json-fg/geometry-object.json
/_oneOf/0/place/_oneOf/5/coordRefSys		https://beta.schemas.opengis.net/json-fg/geometry-object.json
/_oneOf/0/place/_oneOf/5/measures		https://beta.schemas.opengis.net/json-fg/geometry-object.json
/_oneOf/0/place/_oneOf/5/coordinates		https://beta.schemas.opengis.net/json-fg/geometry-object.json
/_oneOf/0/place/_oneOf/5/bbox		https://beta.schemas.opengis.net/json-fg/geometry-object.json
/_oneOf/0/place/_oneOf/6/type		https://beta.schemas.opengis.net/json-fg/geometry-object.json
/_oneOf/0/place/_oneOf/6/coordRefSys		https://beta.schemas.opengis.net/json-fg/geometry-object.json
/_oneOf/0/place/_oneOf/6/measures		https://beta.schemas.opengis.net/json-fg/geometry-object.json
/_oneOf/0/place/_oneOf/6/coordinates		https://beta.schemas.opengis.net/json-fg/geometry-object.json
/_oneOf/0/place/_oneOf/6/bbox		https://beta.schemas.opengis.net/json-fg/geometry-object.json
/_oneOf/0/place/_oneOf/7/type		https://beta.schemas.opengis.net/json-fg/geometry-object.json
/_oneOf/0/place/_oneOf/7/coordRefSys		https://beta.schemas.opengis.net/json-fg/geometry-object.json
/_oneOf/0/place/_oneOf/7/measures		https://beta.schemas.opengis.net/json-fg/geometry-object.json
/_oneOf/0/place/_oneOf/7/geometries		https://beta.schemas.opengis.net/json-fg/geometry-object.json
/_oneOf/0/place/_oneOf/7/bbox		https://beta.schemas.opengis.net/json-fg/geometry-object.json
/_oneOf/0/place/_oneOf/8/type		https://beta.schemas.opengis.net/json-fg/geometry-object.json
/_oneOf/0/place/_oneOf/8/coordRefSys		https://beta.schemas.opengis.net/json-fg/geometry-object.json
/_oneOf/0/place/_oneOf/8/measures		https://beta.schemas.opengis.net/json-fg/geometry-object.json
/_oneOf/0/place/_oneOf/8/coordinates		https://beta.schemas.opengis.net/json-fg/geometry-object.json
/_oneOf/0/place/_oneOf/8/bbox		https://beta.schemas.opengis.net/json-fg/geometry-object.json
/_oneOf/0/place/_oneOf/9/type		https://beta.schemas.opengis.net/json-fg/geometry-object.json
/_oneOf/0/place/_oneOf/9/coordRefSys		https://beta.schemas.opengis.net/json-fg/geometry-object.json
/_oneOf/0/place/_oneOf/9/measures		https://beta.schemas.opengis.net/json-fg/geometry-object.json
/_oneOf/0/place/_oneOf/9/coordinates		https://beta.schemas.opengis.net/json-fg/geometry-object.json
/_oneOf/0/place/_oneOf/9/bbox		https://beta.schemas.opengis.net/json-fg/geometry-object.json
/_oneOf/0/place/_oneOf/10/type		https://beta.schemas.opengis.net/json-fg/geometry-object.json
/_oneOf/0/place/_oneOf/10/coordRefSys		https://beta.schemas.opengis.net/json-fg/geometry-object.json
/_oneOf/0/place/_oneOf/10/measures		https://beta.schemas.opengis.net/json-fg/geometry-object.json
/_oneOf/0/place/_oneOf/10/base		https://beta.schemas.opengis.net/json-fg/geometry-object.json
/_oneOf/0/place/_oneOf/10/lower		https://beta.schemas.opengis.net/json-fg/geometry-object.json
/_oneOf/0/place/_oneOf/10/upper		https://beta.schemas.opengis.net/json-fg/geometry-object.json
/_oneOf/0/place/_oneOf/10/bbox		https://beta.schemas.opengis.net/json-fg/geometry-object.json
/_oneOf/0/place/_oneOf/11/type		https://beta.schemas.opengis.net/json-fg/geometry-object.json
/_oneOf/0/place/_oneOf/11/coordRefSys		https://beta.schemas.opengis.net/json-fg/geometry-object.json
/_oneOf/0/place/_oneOf/11/measures		https://beta.schemas.opengis.net/json-fg/geometry-object.json
/_oneOf/0/place/_oneOf/11/prisms		https://beta.schemas.opengis.net/json-fg/geometry-object.json
/_oneOf/0/place/_oneOf/11/bbox		https://beta.schemas.opengis.net/json-fg/geometry-object.json
/_oneOf/0/place/_oneOf/12/type		https://beta.schemas.opengis.net/json-fg/geometry-object.json
/_oneOf/0/place/_oneOf/12/coordRefSys		https://beta.schemas.opengis.net/json-fg/geometry-object.json
/_oneOf/0/place/_oneOf/12/measures		https://beta.schemas.opengis.net/json-fg/geometry-object.json
/_oneOf/0/place/_oneOf/12/coordinates		https://beta.schemas.opengis.net/json-fg/geometry-object.json
/_oneOf/0/place/_oneOf/12/bbox		https://beta.schemas.opengis.net/json-fg/geometry-object.json
/_oneOf/0/place/_oneOf/13/type		https://beta.schemas.opengis.net/json-fg/geometry-object.json
/_oneOf/0/place/_oneOf/13/coordRefSys		https://beta.schemas.opengis.net/json-fg/geometry-object.json
/_oneOf/0/place/_oneOf/13/measures		https://beta.schemas.opengis.net/json-fg/geometry-object.json
/_oneOf/0/place/_oneOf/13/geometries		https://beta.schemas.opengis.net/json-fg/geometry-object.json
/_oneOf/0/place/_oneOf/13/geometries/_oneOf/2/type		https://beta.schemas.opengis.net/json-fg/geometry-object.json
/_oneOf/0/place/_oneOf/13/bbox		https://beta.schemas.opengis.net/json-fg/geometry-object.json
/_oneOf/0/place/_oneOf/14/type		https://beta.schemas.opengis.net/json-fg/geometry-object.json
/_oneOf/0/place/_oneOf/14/coordRefSys		https://beta.schemas.opengis.net/json-fg/geometry-object.json
/_oneOf/0/place/_oneOf/14/measures		https://beta.schemas.opengis.net/json-fg/geometry-object.json
/_oneOf/0/place/_oneOf/14/geometries		https://beta.schemas.opengis.net/json-fg/geometry-object.json
/_oneOf/0/place/_oneOf/14/bbox		https://beta.schemas.opengis.net/json-fg/geometry-object.json
/_oneOf/0/place/_oneOf/15/type		https://beta.schemas.opengis.net/json-fg/geometry-object.json
/_oneOf/0/place/_oneOf/15/coordRefSys		https://beta.schemas.opengis.net/json-fg/geometry-object.json
/_oneOf/0/place/_oneOf/15/measures		https://beta.schemas.opengis.net/json-fg/geometry-object.json
/_oneOf/0/place/_oneOf/15/geometries		https://beta.schemas.opengis.net/json-fg/geometry-object.json
/_oneOf/0/place/_oneOf/15/bbox		https://beta.schemas.opengis.net/json-fg/geometry-object.json
/_oneOf/0/place/_oneOf/16/type		https://beta.schemas.opengis.net/json-fg/geometry-object.json
/_oneOf/0/place/_oneOf/16/coordRefSys		https://beta.schemas.opengis.net/json-fg/geometry-object.json
/_oneOf/0/place/_oneOf/16/measures		https://beta.schemas.opengis.net/json-fg/geometry-object.json
/_oneOf/0/place/_oneOf/16/geometries		https://beta.schemas.opengis.net/json-fg/geometry-object.json
/_oneOf/0/place/_oneOf/16/geometries/_oneOf/2/type		https://beta.schemas.opengis.net/json-fg/geometry-object.json
/_oneOf/0/place/_oneOf/16/bbox		https://beta.schemas.opengis.net/json-fg/geometry-object.json
/_oneOf/0/place/_oneOf/17/type		https://beta.schemas.opengis.net/json-fg/geometry-object.json
/_oneOf/0/properties/resultTime	http://www.w3.org/ns/sosa/resultTime	https://opengeospatial.github.io/ogcapi-sosa/build/annotated/sosa/properties/observation-owa/schema.yaml
/_oneOf/0/properties/phenomenonTime	http://www.w3.org/ns/sosa/phenomenonTime	https://opengeospatial.github.io/ogcapi-sosa/build/annotated/sosa/properties/observation-owa/schema.yaml
/_oneOf/0/properties/hasFeatureOfInterest	http://www.w3.org/ns/sosa/hasFeatureOfInterest	https://opengeospatial.github.io/ogcapi-sosa/build/annotated/sosa/properties/observation-owa/schema.yaml
/_oneOf/0/properties/observedProperty	http://www.w3.org/ns/sosa/observedProperty	https://opengeospatial.github.io/ogcapi-sosa/build/annotated/sosa/properties/observation-owa/schema.yaml
/_oneOf/0/properties/usedProcedure	http://www.w3.org/ns/sosa/usedProcedure	https://opengeospatial.github.io/ogcapi-sosa/build/annotated/sosa/properties/observation-owa/schema.yaml
/_oneOf/0/properties/madeBySensor	http://www.w3.org/ns/sosa/madeBySensor	https://opengeospatial.github.io/ogcapi-sosa/build/annotated/sosa/properties/observation-owa/schema.yaml
/_oneOf/0/properties/hasResult		https://opengeospatial.github.io/ogcapi-sosa/build/annotated/sosa/properties/observation-owa/schema.yaml
/_oneOf/0/properties/result		https://opengeospatial.github.io/ogcapi-sosa/build/annotated/sosa/properties/observation-owa/schema.yaml
/_oneOf/0/properties/result@links		https://opengeospatial.github.io/ogcapi-sosa/build/annotated/sosa/properties/observation-owa/schema.yaml
/_oneOf/0/properties/hasSimpleResult		https://opengeospatial.github.io/ogcapi-sosa/build/annotated/sosa/properties/observation-owa/schema.yaml
/_oneOf/1/type	@type	https://opengeospatial.github.io/bblocks/annotated-schemas/geo/json-fg/featureCollection-lenient/schema.yaml
/_oneOf/1/featureType	https://purl.org/geojson/vocab#collectionFeatureType	https://opengeospatial.github.io/bblocks/annotated-schemas/geo/json-fg/featureCollection-lenient/schema.yaml
/_oneOf/1/geometryDimension		https://opengeospatial.github.io/bblocks/annotated-schemas/geo/json-fg/featureCollection-lenient/schema.yaml
/_oneOf/1/coordRefSys		https://opengeospatial.github.io/bblocks/annotated-schemas/geo/json-fg/featureCollection-lenient/schema.yaml
/_oneOf/1/links	http://www.w3.org/2000/01/rdf-schema#seeAlso	https://opengeospatial.github.io/bblocks/annotated-schemas/geo/features/featureCollection/schema.yaml
/_oneOf/1/features	http://www.w3.org/ns/sosa/hasMember	https://opengeospatial.github.io/ogcapi-sosa/build/annotated/sosa/features/observationCollection/schema.yaml
/_oneOf/1/features/type		https://geojson.org/schema/FeatureCollection.json
/_oneOf/1/features/id		https://geojson.org/schema/FeatureCollection.json
/_oneOf/1/features/properties		https://geojson.org/schema/FeatureCollection.json
/_oneOf/1/features/geometry		https://geojson.org/schema/FeatureCollection.json
/_oneOf/1/features/geometry/_oneOf/1/type		https://geojson.org/schema/FeatureCollection.json
/_oneOf/1/features/geometry/_oneOf/1/coordinates		https://geojson.org/schema/FeatureCollection.json
/_oneOf/1/features/geometry/_oneOf/1/bbox		https://geojson.org/schema/FeatureCollection.json
/_oneOf/1/features/geometry/_oneOf/2/type		https://geojson.org/schema/FeatureCollection.json
/_oneOf/1/features/geometry/_oneOf/2/coordinates		https://geojson.org/schema/FeatureCollection.json
/_oneOf/1/features/geometry/_oneOf/2/bbox		https://geojson.org/schema/FeatureCollection.json
/_oneOf/1/features/geometry/_oneOf/3/type		https://geojson.org/schema/FeatureCollection.json
/_oneOf/1/features/geometry/_oneOf/3/coordinates		https://geojson.org/schema/FeatureCollection.json
/_oneOf/1/features/geometry/_oneOf/3/bbox		https://geojson.org/schema/FeatureCollection.json
/_oneOf/1/features/geometry/_oneOf/4/type		https://geojson.org/schema/FeatureCollection.json
/_oneOf/1/features/geometry/_oneOf/4/coordinates		https://geojson.org/schema/FeatureCollection.json
/_oneOf/1/features/geometry/_oneOf/4/bbox		https://geojson.org/schema/FeatureCollection.json
/_oneOf/1/features/geometry/_oneOf/5/type		https://geojson.org/schema/FeatureCollection.json
/_oneOf/1/features/geometry/_oneOf/5/coordinates		https://geojson.org/schema/FeatureCollection.json
/_oneOf/1/features/geometry/_oneOf/5/bbox		https://geojson.org/schema/FeatureCollection.json
/_oneOf/1/features/geometry/_oneOf/6/type		https://geojson.org/schema/FeatureCollection.json
/_oneOf/1/features/geometry/_oneOf/6/coordinates		https://geojson.org/schema/FeatureCollection.json
/_oneOf/1/features/geometry/_oneOf/6/bbox		https://geojson.org/schema/FeatureCollection.json
/_oneOf/1/features/geometry/_oneOf/7/type		https://geojson.org/schema/FeatureCollection.json
/_oneOf/1/features/geometry/_oneOf/7/geometries		https://geojson.org/schema/FeatureCollection.json
/_oneOf/1/features/geometry/_oneOf/7/geometries/_oneOf/0/type		https://geojson.org/schema/FeatureCollection.json
/_oneOf/1/features/geometry/_oneOf/7/geometries/_oneOf/0/coordinates		https://geojson.org/schema/FeatureCollection.json
/_oneOf/1/features/geometry/_oneOf/7/geometries/_oneOf/0/bbox		https://geojson.org/schema/FeatureCollection.json
/_oneOf/1/features/geometry/_oneOf/7/geometries/_oneOf/1/type		https://geojson.org/schema/FeatureCollection.json
/_oneOf/1/features/geometry/_oneOf/7/geometries/_oneOf/1/coordinates		https://geojson.org/schema/FeatureCollection.json
/_oneOf/1/features/geometry/_oneOf/7/geometries/_oneOf/1/bbox		https://geojson.org/schema/FeatureCollection.json
/_oneOf/1/features/geometry/_oneOf/7/geometries/_oneOf/2/type		https://geojson.org/schema/FeatureCollection.json
/_oneOf/1/features/geometry/_oneOf/7/geometries/_oneOf/2/coordinates		https://geojson.org/schema/FeatureCollection.json
/_oneOf/1/features/geometry/_oneOf/7/geometries/_oneOf/2/bbox		https://geojson.org/schema/FeatureCollection.json
/_oneOf/1/features/geometry/_oneOf/7/geometries/_oneOf/3/type		https://geojson.org/schema/FeatureCollection.json
/_oneOf/1/features/geometry/_oneOf/7/geometries/_oneOf/3/coordinates		https://geojson.org/schema/FeatureCollection.json
/_oneOf/1/features/geometry/_oneOf/7/geometries/_oneOf/3/bbox		https://geojson.org/schema/FeatureCollection.json
/_oneOf/1/features/geometry/_oneOf/7/geometries/_oneOf/4/type		https://geojson.org/schema/FeatureCollection.json
/_oneOf/1/features/geometry/_oneOf/7/geometries/_oneOf/4/coordinates		https://geojson.org/schema/FeatureCollection.json
/_oneOf/1/features/geometry/_oneOf/7/geometries/_oneOf/4/bbox		https://geojson.org/schema/FeatureCollection.json
/_oneOf/1/features/geometry/_oneOf/7/geometries/_oneOf/5/type		https://geojson.org/schema/FeatureCollection.json
/_oneOf/1/features/geometry/_oneOf/7/geometries/_oneOf/5/coordinates		https://geojson.org/schema/FeatureCollection.json
/_oneOf/1/features/geometry/_oneOf/7/geometries/_oneOf/5/bbox		https://geojson.org/schema/FeatureCollection.json
/_oneOf/1/features/geometry/_oneOf/7/bbox		https://geojson.org/schema/FeatureCollection.json
/_oneOf/1/features/bbox		https://geojson.org/schema/FeatureCollection.json
/_oneOf/1/bbox		https://geojson.org/schema/FeatureCollection.json
/_oneOf/1/timeStamp		https://opengeospatial.github.io/bblocks/annotated-schemas/geo/features/featureCollection/schema.yaml
/_oneOf/1/numberMatched		https://opengeospatial.github.io/bblocks/annotated-schemas/geo/features/featureCollection/schema.yaml
/_oneOf/1/numberReturned		https://opengeospatial.github.io/bblocks/annotated-schemas/geo/features/featureCollection/schema.yaml
/_oneOf/1/properties	@nest	https://opengeospatial.github.io/ogcapi-sosa/build/annotated/sosa/features/observationCollection/schema.yaml
/_oneOf/1/properties/resultTime	http://www.w3.org/ns/sosa/resultTime	https://opengeospatial.github.io/ogcapi-sosa/build/annotated/sosa/properties/observationCollection/schema.yaml
/_oneOf/1/properties/phenomenonTime	http://www.w3.org/ns/sosa/phenomenonTime	https://opengeospatial.github.io/ogcapi-sosa/build/annotated/sosa/properties/observationCollection/schema.yaml
/_oneOf/1/properties/hasFeatureOfInterest	http://www.w3.org/ns/sosa/hasFeatureOfInterest	https://opengeospatial.github.io/ogcapi-sosa/build/annotated/sosa/properties/observationCollection/schema.yaml
/_oneOf/1/properties/observedProperty	http://www.w3.org/ns/sosa/observedProperty	https://opengeospatial.github.io/ogcapi-sosa/build/annotated/sosa/properties/observationCollection/schema.yaml
/_oneOf/1/properties/usedProcedure	http://www.w3.org/ns/sosa/usedProcedure	https://opengeospatial.github.io/ogcapi-sosa/build/annotated/sosa/properties/observationCollection/schema.yaml
/_oneOf/1/properties/madeBySensor	http://www.w3.org/ns/sosa/madeBySensor	https://opengeospatial.github.io/ogcapi-sosa/build/annotated/sosa/properties/observationCollection/schema.yaml
/_oneOf/1/properties/hasMember	http://www.w3.org/ns/sosa/hasMember	https://opengeospatial.github.io/ogcapi-sosa/build/annotated/sosa/properties/observationCollection/schema.yaml
